<?xml version="1.0" encoding="utf-8" standalone="yes"?>
<rss version="2.0" xmlns:atom="http://www.w3.org/2005/Atom" xmlns:content="http://purl.org/rss/1.0/modules/content/">
  <channel>
    <title>Posts on yingo的空间</title>
    <link>http://localhost:1313/yingos/posts/</link>
    <description>Recent content in Posts on yingo的空间</description>
    <generator>Hugo -- 0.154.5</generator>
    <language>zh-cn</language>
    <lastBuildDate>Tue, 20 Jan 2026 13:22:43 +0000</lastBuildDate>
    <atom:link href="http://localhost:1313/yingos/posts/index.xml" rel="self" type="application/rss+xml" />
    <item>
      <title>Hello Hugo</title>
      <link>http://localhost:1313/yingos/posts/hello-hugo/</link>
      <pubDate>Tue, 20 Jan 2026 13:22:43 +0000</pubDate>
      <guid>http://localhost:1313/yingos/posts/hello-hugo/</guid>
      <description></description>
    </item>
  </channel>
</rss>
